UID,whiskey,Liking - DEPENDANT VARIABLE
1101,873,9
1101,462,4
1101,423,3
1101,324,1
1101,754,3
1101,299,8
1101,684,4
1101,982,7
1101,579,2
1101,798,5
1101,110,8
1101,355,7
1101,827,4
1101,406,2
1101,617,1
1101,305,2
1102,754,8
1102,423,4
1102,684,6
1102,171,6
1102,462,1
1102,324,8
1102,982,3
1102,299,7
1102,798,7
1102,305,1
1102,406,2
1102,663,2
1102,617,7
1102,579,4
1102,110,4
1102,355,1
1103,462,6
1103,684,5
1103,982,4
1103,873,3
1103,423,5
1103,171,7
1103,299,4
1103,324,9
1103,305,3
1103,355,3
1103,579,4
1103,827,8
1103,110,4
1103,798,4
1103,406,8
1103,663,2
1104,423,4
1104,982,9
1104,299,4
1104,754,1
1104,684,9
1104,873,1
1104,324,5
1104,171,9
1104,355,8
1104,663,6
1104,798,3
1104,617,5
1104,406,1
1104,305,1
1104,579,3
1104,827,5
1105,684,3
1105,299,6
1105,324,1
1105,462,1
1105,982,9
1105,754,7
1105,171,6
1105,873,3
1105,663,8
1105,827,2
1105,305,8
1105,110,3
1105,579,2
1105,355,6
1105,798,6
1105,617,2
1106,982,1
1106,324,2
1106,171,5
1106,423,8
1106,299,8
1106,462,7
1106,873,2
1106,754,7
1106,827,4
1106,617,9
1106,355,4
1106,406,5
1106,798,7
1106,663,8
1106,305,8
1106,110,4
1107,299,8
1107,171,2
1107,873,8
1107,684,5
1107,324,3
1107,423,1
1107,754,7
1107,462,6
1107,617,6
1107,110,8
1107,663,7
1107,579,5
1107,305,4
1107,827,2
1107,355,5
1107,406,5
1108,324,7
1108,873,7
1108,754,7
1108,982,4
1108,171,4
1108,684,9
1108,462,4
1108,423,1
1108,110,7
1108,406,5
1108,827,2
1108,798,2
1108,355,6
1108,617,1
1108,663,5
1108,579,7
1109,171,6
1109,754,4
1109,462,3
1109,299,6
1109,873,3
1109,982,4
1109,423,6
1109,684,7
1109,406,7
1109,579,6
1109,617,4
1109,305,5
1109,663,1
1109,110,1
1109,827,4
1109,798,8
1110,754,4
1110,982,6
1110,324,6
1110,299,1
1110,423,5
1110,684,5
1110,873,8
1110,462,9
1110,406,7
1110,798,8
1110,663,6
1110,827,1
1110,579,9
1110,617,3
1110,305,8
1110,355,5
1111,423,3
1111,324,1
1111,873,2
1111,171,8
1111,982,5
1111,299,9
1111,462,3
1111,684,3
1111,798,8
1111,355,2
1111,617,6
1111,110,8
1111,305,9
1111,406,1
1111,663,1
1111,827,1
1112,982,5
1112,873,2
1112,462,9
1112,754,7
1112,324,7
1112,171,7
1112,684,2
1112,299,8
1112,355,4
1112,827,6
1112,406,4
1112,579,4
1112,663,2
1112,798,8
1112,617,1
1112,110,5
1113,324,2
1113,462,4
1113,684,3
1113,423,2
1113,873,7
1113,754,3
1113,299,5
1113,171,7
1113,827,8
1113,110,6
1113,798,4
1113,305,8
1113,617,1
1113,355,2
1113,406,2
1113,579,4
1114,873,4
1114,684,3
1114,299,8
1114,982,1
1114,462,1
1114,423,1
1114,171,5
1114,754,9
1114,110,5
1114,579,5
1114,355,7
1114,663,6
1114,406,2
1114,827,4
1114,798,9
1114,305,6
1115,462,4
1115,299,1
1115,171,6
1115,324,7
1115,684,4
1115,982,3
1115,754,1
1115,423,1
1115,579,3
1115,305,8
1115,827,3
1115,617,5
1115,798,3
1115,110,7
1115,355,2
1115,663,5
1116,684,2
1116,171,4
1116,754,4
1116,873,3
1116,299,1
1116,324,4
1116,423,6
1116,982,9
1116,305,8
1116,663,9
1116,110,4
1116,406,1
1116,355,1
1116,579,6
1116,827,7
1116,617,1
1117,299,7
1117,754,3
1117,423,6
1117,462,4
1117,171,4
1117,873,8
1117,982,6
1117,324,1
1117,663,8
1117,617,8
1117,579,6
1117,798,3
1117,827,9
1117,305,4
1117,110,4
1117,406,2
1118,171,6
1118,423,4
1118,982,2
1118,684,9
1118,754,6
1118,462,1
1118,324,3
1118,873,5
1118,617,3
1118,406,5
1118,305,9
1118,355,5
1118,110,5
1118,663,8
1118,579,3
1118,798,3
1119,423,7
1119,462,5
1119,299,4
1119,684,5
1119,324,5
1119,873,2
1119,754,3
1119,982,2
1119,617,3
1119,798,5
1119,110,3
1119,579,8
1119,406,4
1119,305,7
1119,355,4
1119,827,5
1120,324,1
1120,299,8
1120,754,9
1120,171,2
1120,462,6
1120,684,7
1120,982,9
1120,873,2
1120,798,1
1120,827,1
1120,305,2
1120,663,7
1120,355,3
1120,617,9
1120,110,3
1120,579,2
1121,462,2
1121,754,7
1121,982,1
1121,423,3
1121,299,3
1121,171,9
1121,873,8
1121,684,8
1121,827,6
1121,579,1
1121,617,8
1121,406,5
1121,110,2
1121,798,2
1121,305,1
1121,663,9
1122,299,8
1122,982,2
1122,873,3
1122,324,3
1122,754,6
1122,423,7
1122,684,5
1122,171,1
1122,579,5
1122,663,6
1122,798,1
1122,355,9
1122,305,3
1122,827,4
1122,617,5
1122,406,3
1123,754,9
1123,873,4
1123,684,8
1123,462,3
1123,982,5
1123,324,3
1123,171,2
1123,423,9
1123,663,4
1123,406,8
1123,827,9
1123,110,7
1123,617,9
1123,579,2
1123,798,4
1123,355,2
1124,982,8
1124,684,4
1124,171,5
1124,299,2
1124,873,3
1124,462,5
1124,423,2
1124,324,6
1124,406,8
1124,355,6
1124,579,2
1124,305,9
1124,798,6
1124,663,6
1124,827,7
1124,110,1
1125,873,5
1125,171,6
1125,423,2
1125,754,4
1125,684,6
1125,299,7
1125,324,6
1125,462,1
1125,355,9
1125,110,5
1125,663,3
1125,617,7
1125,827,5
1125,406,3
1125,579,5
1125,305,1
1126,623,3
1126,494,2
1126,378,1
1126,248,7
1126,927,4
1126,274,8
1126,135,7
1126,814,2
1126,948,4
1126,231,9
1126,649,8
1126,731,4
1126,447,7
1126,524,4
1126,839,6
1126,121,9
1127,927,7
1127,724,3
1127,248,4
1127,814,9
1127,135,6
1127,494,8
1127,378,2
1127,274,6
1127,731,4
1127,839,5
1127,524,8
1127,121,7
1127,649,1
1127,231,3
1127,948,8
1127,781,4
1128,135,6
1128,623,5
1128,814,2
1128,274,7
1128,378,5
1128,724,3
1128,248,8
1128,494,7
1128,121,9
1128,948,1
1128,231,9
1128,781,3
1128,524,6
1128,839,7
1128,731,8
1128,447,3
1129,378,2
1129,927,6
1129,274,8
1129,494,1
1129,248,8
1129,623,2
1129,814,4
1129,724,8
1129,781,3
1129,731,7
1129,839,8
1129,447,3
1129,231,5
1129,948,8
1129,121,6
1129,649,9
1130,248,5
1130,135,7
1130,494,7
1130,724,7
1130,814,6
1130,927,8
1130,274,1
1130,623,4
1130,447,6
1130,121,5
1130,948,6
1130,649,5
1130,839,6
1130,731,9
1130,781,3
1130,524,4
1131,814,1
1131,378,1
1131,724,9
1131,623,6
1131,274,8
1131,135,8
1131,494,2
1131,927,1
1131,649,7
1131,781,6
1131,731,7
1131,524,6
1131,948,7
1131,121,7
1131,447,1
1131,231,8
1132,274,6
1132,248,6
1132,623,6
1132,927,6
1132,494,3
1132,378,3
1132,724,6
1132,135,5
1132,524,7
1132,447,8
1132,121,6
1132,231,1
1132,731,2
1132,781,7
1132,649,6
1132,839,6
1133,494,2
1133,814,2
1133,927,7
1133,135,6
1133,724,8
1133,248,2
1133,623,3
1133,378,7
1133,231,8
1133,649,5
1133,781,7
1133,839,4
1133,121,9
1133,447,3
1133,524,1
1133,948,6
1134,724,6
1134,274,2
1134,135,9
1134,378,8
1134,623,4
1134,814,3
1134,927,9
1134,248,7
1134,839,2
1134,524,6
1134,447,5
1134,948,6
1134,781,9
1134,649,1
1134,231,6
1134,731,8
1135,378,2
1135,724,6
1135,623,8
1135,135,2
1135,814,2
1135,274,2
1135,494,4
1135,248,7
1135,231,3
1135,781,7
1135,839,4
1135,948,3
1135,524,9
1135,731,3
1135,649,2
1135,121,5
1136,814,9
1136,927,2
1136,135,9
1136,248,3
1136,494,2
1136,724,6
1136,623,2
1136,274,6
1136,948,9
1136,649,8
1136,731,1
1136,121,2
1136,839,4
1136,781,2
1136,231,6
1136,447,9
1137,494,9
1137,378,2
1137,248,8
1137,274,9
1137,623,3
1137,927,5
1137,135,9
1137,724,7
1137,121,1
1137,231,6
1137,781,2
1137,447,6
1137,731,5
1137,649,9
1137,948,2
1137,524,5
1138,623,8
1138,814,1
1138,274,9
1138,724,8
1138,135,8
1138,378,3
1138,248,5
1138,927,2
1138,447,1
1138,948,4
1138,649,9
1138,524,7
1138,781,7
1138,231,7
1138,121,8
1138,839,8
1139,135,4
1139,494,1
1139,724,1
1139,927,8
1139,248,6
1139,814,1
1139,274,4
1139,378,7
1139,524,2
1139,121,1
1139,231,5
1139,839,8
1139,649,8
1139,948,2
1139,447,5
1139,731,8
1140,248,4
1140,623,8
1140,927,4
1140,378,4
1140,274,5
1140,494,6
1140,724,8
1140,814,5
1140,839,1
1140,447,9
1140,948,6
1140,731,2
1140,231,7
1140,121,9
1140,524,1
1140,781,9
1141,274,6
1141,135,7
1141,378,5
1141,814,2
1141,724,7
1141,623,3
1141,927,5
1141,494,1
1141,731,5
1141,524,7
1141,121,9
1141,781,3
1141,948,6
1141,447,9
1141,839,7
1141,649,5
1142,724,6
1142,248,2
1142,814,3
1142,494,5
1142,927,5
1142,135,8
1142,378,1
1142,623,7
1142,781,6
1142,839,3
1142,447,2
1142,649,2
1142,121,3
1142,524,1
1142,731,1
1142,231,9
1143,927,7
1143,274,7
1143,494,6
1143,623,3
1143,378,3
1143,248,7
1143,814,5
1143,135,8
1143,649,7
1143,731,1
1143,524,6
1143,231,5
1143,447,8
1143,839,1
1143,781,8
1143,948,4
1144,623,8
1144,927,9
1144,378,2
1144,494,2
1144,248,7
1144,274,7
1144,724,3
1144,135,1
1144,781,7
1144,447,3
1144,649,5
1144,231,4
1144,731,8
1144,948,1
1144,839,3
1144,121,6
1145,248,6
1145,814,5
1145,494,2
1145,135,6
1145,724,1
1145,927,9
1145,378,6
1145,274,2
1145,231,9
1145,839,4
1145,948,1
1145,121,7
1145,649,6
1145,447,2
1145,781,6
1145,524,4
1146,724,9
1146,623,5
1146,135,2
1146,274,1
1146,378,2
1146,814,7
1146,494,7
1146,927,3
1146,121,2
1146,781,9
1146,447,4
1146,524,1
1146,948,1
1146,839,2
1146,231,9
1146,731,3
1147,378,4
1147,248,7
1147,274,8
1147,927,2
1147,494,9
1147,623,4
1147,135,4
1147,814,4
1147,524,7
1147,231,8
1147,839,9
1147,731,8
1147,447,3
1147,781,4
1147,121,7
1147,649,5
1148,494,3
1148,724,1
1148,927,1
1148,814,3
1148,135,9
1148,248,5
1148,274,3
1148,623,9
1148,731,9
1148,121,6
1148,781,6
1148,649,5
1148,839,1
1148,231,5
1148,524,1
1148,948,6
1149,135,3
1149,378,3
1149,814,1
1149,623,4
1149,274,4
1149,724,4
1149,927,5
1149,248,8
1149,649,6
1149,524,3
1149,231,9
1149,948,9
1149,781,9
1149,121,4
1149,731,8
1149,447,8
1150,274,2
1150,494,2
1150,623,6
1150,248,1
1150,927,1
1150,378,7
1150,814,3
1150,724,1
1150,948,9
1150,731,2
1150,121,6
1150,447,2
1150,231,6
1150,524,1
1150,649,1
1150,839,9
1151,355,3
1151,378,2
1151,839,2
1151,827,8
1151,781,6
1151,447,3
1151,754,5
1151,649,3
1151,927,5
1151,948,8
1151,324,7
1151,494,8
1151,121,1
1151,663,9
1151,305,4
1151,798,2
1152,378,8
1152,839,2
1152,299,3
1152,355,6
1152,827,5
1152,649,7
1152,781,3
1152,754,4
1152,663,6
1152,324,5
1152,798,5
1152,305,5
1152,927,1
1152,724,4
1152,948,6
1152,121,9
1153,839,6
1153,299,9
1153,447,8
1153,378,8
1153,355,7
1153,754,7
1153,827,6
1153,781,7
1153,724,8
1153,798,2
1153,121,5
1153,948,5
1153,663,6
1153,494,6
1153,324,9
1153,927,9
1154,299,4
1154,447,1
1154,649,3
1154,839,3
1154,378,2
1154,781,4
1154,355,9
1154,827,4
1154,494,6
1154,121,5
1154,927,3
1154,324,9
1154,724,2
1154,305,6
1154,798,8
1154,663,2
1155,447,6
1155,649,7
1155,754,7
1155,299,4
1155,839,8
1155,827,9
1155,378,5
1155,355,8
1155,305,1
1155,927,9
1155,663,9
1155,798,8
1155,494,6
1155,948,1
1155,121,2
1155,724,5
1156,649,4
1156,754,7
1156,781,1
1156,447,9
1156,299,8
1156,355,5
1156,839,4
1156,378,9
1156,948,8
1156,663,4
1156,724,4
1156,121,7
1156,305,6
1156,324,8
1156,927,7
1156,494,4
1157,754,7
1157,781,1
1157,827,9
1157,649,6
1157,447,3
1157,378,2
1157,299,9
1157,839,4
1157,324,7
1157,724,1
1157,494,4
1157,927,9
1157,948,5
1157,798,5
1157,663,7
1157,305,5
1158,781,9
1158,827,2
1158,355,8
1158,754,9
1158,649,3
1158,839,6
1158,447,7
1158,299,7
1158,798,8
1158,494,7
1158,305,9
1158,663,7
1158,324,9
1158,121,6
1158,724,7
1158,948,4
1159,827,9
1159,355,9
1159,378,4
1159,781,2
1159,754,6
1159,299,6
1159,649,4
1159,447,7
1159,121,6
1159,305,5
1159,948,1
1159,724,5
1159,798,9
1159,927,9
1159,494,6
1159,324,5
1160,781,9
1160,355,8
1160,839,5
1160,649,3
1160,299,2
1160,754,6
1160,378,8
1160,827,1
1160,724,1
1160,494,6
1160,948,3
1160,121,1
1160,927,1
1160,305,9
1160,663,9
1160,798,5
1161,355,3
1161,839,2
1161,447,7
1161,781,7
1161,649,4
1161,827,8
1161,299,3
1161,378,9
1161,305,8
1161,948,8
1161,798,4
1161,663,5
1161,724,7
1161,324,2
1161,494,1
1161,927,4
1162,839,1
1162,447,2
1162,754,7
1162,355,1
1162,781,7
1162,378,5
1162,649,5
1162,299,1
1162,324,9
1162,798,8
1162,927,8
1162,494,4
1162,305,6
1162,121,5
1162,948,6
1162,724,2
1163,447,7
1163,754,1
1163,827,1
1163,839,9
1163,355,9
1163,299,6
1163,781,3
1163,649,8
1163,121,7
1163,927,8
1163,724,9
1163,948,1
1163,324,8
1163,663,5
1163,798,5
1163,305,5
1164,754,8
1164,827,8
1164,378,2
1164,447,2
1164,839,8
1164,649,4
1164,355,7
1164,781,5
1164,663,3
1164,724,5
1164,305,1
1164,798,8
1164,121,5
1164,494,4
1164,927,3
1164,324,4
1165,827,3
1165,378,7
1165,299,3
1165,754,8
1165,447,9
1165,781,4
1165,839,6
1165,355,8
1165,494,3
1165,305,2
1165,324,1
1165,927,6
1165,663,3
1165,948,2
1165,724,2
1165,121,7
1166,378,8
1166,299,9
1166,649,9
1166,827,6
1166,754,2
1166,355,2
1166,447,4
1166,839,9
1166,948,8
1166,324,4
1166,121,7
1166,724,4
1166,494,6
1166,798,4
1166,305,4
1166,663,7
1167,299,2
1167,649,3
1167,781,6
1167,378,9
1167,827,3
1167,839,2
1167,754,3
1167,447,1
1167,798,9
1167,121,4
1167,663,4
1167,305,3
1167,948,3
1167,927,4
1167,324,6
1167,494,4
1168,649,8
1168,781,3
1168,355,5
1168,299,3
1168,378,1
1168,447,8
1168,827,1
1168,754,9
1168,927,2
1168,663,5
1168,494,2
1168,324,1
1168,798,5
1168,724,1
1168,121,1
1168,948,8
1169,299,6
1169,781,8
1169,839,8
1169,827,7
1169,447,1
1169,378,2
1169,355,6
1169,649,8
1169,324,3
1169,121,7
1169,494,8
1169,927,1
1169,724,5
1169,663,5
1169,305,7
1169,798,2
1170,781,8
1170,839,8
1170,754,9
1170,299,6
1170,827,2
1170,649,4
1170,447,2
1170,355,5
1170,663,5
1170,494,6
1170,798,6
1170,305,6
1170,324,6
1170,948,4
1170,121,6
1170,724,6
1171,839,5
1171,754,9
1171,378,5
1171,781,9
1171,299,4
1171,355,7
1171,827,2
1171,447,4
1171,948,3
1171,798,5
1171,724,1
1171,121,4
1171,663,7
1171,927,8
1171,494,5
1171,324,2
1172,754,3
1172,378,7
1172,649,5
1172,839,1
1172,781,9
1172,447,2
1172,299,7
1172,827,3
1172,927,2
1172,724,1
1172,324,7
1172,494,2
1172,948,5
1172,305,2
1172,798,4
1172,663,6
1173,378,6
1173,649,7
1173,355,5
1173,754,9
1173,839,3
1173,827,4
1173,781,2
1173,299,3
1173,305,4
1173,324,6
1173,663,9
1173,798,1
1173,927,6
1173,121,8
1173,724,6
1173,948,3
1174,649,4
1174,355,3
1174,447,7
1174,378,1
1174,754,4
1174,299,8
1174,839,6
1174,781,9
1174,121,8
1174,663,7
1174,948,9
1174,724,8
1174,305,4
1174,494,7
1174,324,2
1174,927,2
1175,355,7
1175,447,1
1175,827,4
1175,649,8
1175,378,2
1175,781,9
1175,754,3
1175,839,2
1175,494,7
1175,948,2
1175,927,6
1175,324,2
1175,121,5
1175,798,4
1175,663,3
1175,305,2
1201,982,3
1201,248,8
1201,299,6
1201,948,3
1201,135,5
1201,927,9
1201,754,9
1201,617,5
1201,724,2
1201,781,2
1201,274,9
1201,814,2
1201,462,1
1201,827,3
1201,231,3
1201,684,9
1202,135,8
1202,299,7
1202,754,1
1202,121,5
1202,248,2
1202,948,4
1202,617,9
1202,927,4
1202,781,9
1202,684,4
1202,827,6
1202,623,4
1202,231,1
1202,724,6
1202,274,5
1202,814,6
1203,248,3
1203,754,2
1203,617,6
1203,982,4
1203,299,6
1203,121,3
1203,927,4
1203,948,3
1203,684,4
1203,814,5
1203,724,5
1203,462,9
1203,274,2
1203,781,2
1203,827,4
1203,623,7
1204,299,8
1204,617,4
1204,927,9
1204,135,9
1204,754,2
1204,982,5
1204,948,4
1204,121,5
1204,814,9
1204,623,2
1204,781,6
1204,231,6
1204,827,1
1204,684,7
1204,724,1
1204,462,6
1205,754,2
1205,927,5
1205,948,5
1205,248,3
1205,617,4
1205,135,3
1205,121,9
1205,982,4
1205,623,7
1205,462,6
1205,684,7
1205,274,6
1205,724,9
1205,814,2
1205,781,7
1205,231,6
1206,617,2
1206,948,6
1206,121,6
1206,299,4
1206,927,5
1206,248,2
1206,982,7
1206,135,7
1206,462,9
1206,231,3
1206,814,2
1206,827,9
1206,781,2
1206,623,8
1206,684,9
1206,274,7
1207,927,8
1207,121,6
1207,982,5
1207,754,4
1207,948,6
1207,299,3
1207,135,7
1207,248,7
1207,231,7
1207,274,1
1207,623,8
1207,724,7
1207,684,8
1207,462,3
1207,814,9
1207,827,9
1208,948,9
1208,982,7
1208,135,8
1208,617,7
1208,121,5
1208,754,9
1208,248,1
1208,299,1
1208,274,2
1208,827,1
1208,462,3
1208,781,4
1208,814,7
1208,231,6
1208,623,6
1208,724,7
1209,121,9
1209,135,8
1209,248,8
1209,927,9
1209,982,8
1209,617,3
1209,299,3
1209,754,2
1209,827,3
1209,724,7
1209,231,5
1209,684,2
1209,623,2
1209,274,9
1209,462,2
1209,781,1
1210,135,2
1210,617,4
1210,948,1
1210,927,7
1210,299,8
1210,754,8
1210,982,5
1210,248,9
1210,827,5
1210,781,1
1210,623,6
1210,462,5
1210,724,2
1210,231,8
1210,684,5
1210,814,6
1211,299,4
1211,948,6
1211,982,7
1211,121,8
1211,617,9
1211,927,8
1211,248,2
1211,754,8
1211,781,1
1211,814,8
1211,231,8
1211,274,8
1211,684,7
1211,827,1
1211,623,5
1211,462,9
1212,617,5
1212,982,1
1212,248,3
1212,135,4
1212,948,9
1212,121,1
1212,754,6
1212,927,6
1212,814,7
1212,462,5
1212,827,5
1212,724,9
1212,623,2
1212,781,5
1212,231,4
1212,274,1
1213,948,2
1213,248,5
1213,754,8
1213,299,6
1213,982,6
1213,135,5
1213,927,9
1213,121,3
1213,462,9
1213,274,3
1213,781,6
1213,684,8
1213,231,5
1213,814,4
1213,827,9
1213,724,7
1214,982,9
1214,754,2
1214,927,6
1214,617,4
1214,248,5
1214,299,4
1214,121,8
1214,135,7
1214,274,9
1214,724,5
1214,814,1
1214,623,7
1214,827,9
1214,462,4
1214,781,9
1214,684,4
1215,248,8
1215,927,8
1215,121,4
1215,948,3
1215,754,1
1215,617,6
1215,135,7
1215,299,6
1215,724,2
1215,684,1
1215,462,8
1215,231,5
1215,781,6
1215,274,7
1215,814,7
1215,623,6
1216,754,1
1216,121,1
1216,135,9
1216,982,3
1216,927,7
1216,948,2
1216,299,2
1216,617,6
1216,684,8
1216,623,7
1216,274,5
1216,827,6
1216,814,1
1216,724,9
1216,462,7
1216,231,7
1217,927,4
1217,135,6
1217,299,6
1217,248,1
1217,121,7
1217,982,5
1217,617,5
1217,948,1
1217,623,6
1217,231,7
1217,724,3
1217,781,7
1217,462,2
1217,684,7
1217,274,8
1217,827,9
1218,121,6
1218,299,5
1218,617,7
1218,754,6
1218,135,6
1218,248,4
1218,948,7
1218,982,2
1218,231,7
1218,827,1
1218,684,7
1218,814,4
1218,274,7
1218,623,3
1218,724,7
1218,781,3
1219,299,9
1219,248,4
1219,927,9
1219,754,1
1219,948,7
1219,982,8
1219,135,2
1219,617,1
1219,231,9
1219,781,8
1219,274,8
1219,724,2
1219,827,1
1219,684,6
1219,814,9
1219,462,9
1220,948,8
1220,927,4
1220,135,8
1220,121,6
1220,248,5
1220,754,6
1220,617,2
1220,982,1
1220,781,9
1220,462,2
1220,684,3
1220,623,7
1220,814,7
1220,231,4
1220,274,6
1220,724,1
1221,248,6
1221,135,3
1221,617,6
1221,299,9
1221,927,3
1221,121,4
1221,982,4
1221,754,4
1221,462,4
1221,724,4
1221,231,1
1221,827,3
1221,274,6
1221,781,5
1221,684,3
1221,623,7
1222,927,3
1222,617,6
1222,982,8
1222,948,6
1222,135,8
1222,299,6
1222,754,4
1222,121,7
1222,724,1
1222,623,9
1222,781,3
1222,814,9
1222,684,6
1222,462,7
1222,231,8
1222,827,3
1223,135,8
1223,982,8
1223,754,1
1223,248,6
1223,617,2
1223,948,8
1223,121,8
1223,299,9
1223,623,9
1223,827,4
1223,462,8
1223,274,7
1223,231,3
1223,724,9
1223,781,5
1223,814,3
1224,617,3
1224,754,2
1224,121,3
1224,927,8
1224,982,6
1224,248,4
1224,299,3
1224,948,8
1224,827,1
1224,814,2
1224,724,3
1224,684,7
1224,781,3
1224,623,3
1224,462,2
1224,274,7
1225,982,3
1225,121,5
1225,299,4
1225,135,8
1225,754,9
1225,927,2
1225,948,3
1225,248,8
1225,814,3
1225,274,9
1225,623,5
1225,231,7
1225,462,4
1225,827,7
1225,724,4
1225,684,9
1226,305,2
1226,579,8
1226,873,2
1226,663,4
1226,171,4
1226,731,3
1226,355,7
1226,378,6
1226,649,3
1226,423,2
1226,798,2
1226,839,2
1226,524,3
1226,447,2
1226,406,6
1226,494,4
1227,171,8
1227,324,3
1227,663,3
1227,378,9
1227,355,2
1227,579,6
1227,873,2
1227,731,9
1227,524,7
1227,798,9
1227,447,4
1227,423,5
1227,839,2
1227,406,8
1227,110,9
1227,649,7
1228,355,2
1228,305,4
1228,378,8
1228,731,5
1228,873,8
1228,324,6
1228,663,6
1228,579,8
1228,839,8
1228,447,6
1228,406,9
1228,798,7
1228,423,6
1228,110,5
1228,494,4
1228,524,4
1229,873,1
1229,171,4
1229,731,6
1229,579,3
1229,663,3
1229,305,6
1229,378,5
1229,324,3
1229,423,8
1229,406,4
1229,110,3
1229,447,6
1229,798,1
1229,494,4
1229,649,7
1229,839,3
1230,663,7
1230,355,9
1230,579,3
1230,324,1
1230,378,7
1230,171,2
1230,731,4
1230,305,2
1230,798,2
1230,110,6
1230,494,3
1230,406,4
1230,447,5
1230,649,4
1230,524,8
1230,423,5
1231,378,7
1231,873,3
1231,324,6
1231,305,2
1231,731,9
1231,355,3
1231,579,3
1231,171,4
1231,447,7
1231,494,8
1231,649,1
1231,110,5
1231,406,4
1231,524,3
1231,839,9
1231,798,3
1232,731,8
1232,663,2
1232,305,1
1232,171,6
1232,579,9
1232,873,5
1232,324,9
1232,355,8
1232,406,4
1232,649,9
1232,524,9
1232,494,2
1232,110,9
1232,839,7
1232,423,6
1232,447,8
1233,579,2
1233,378,8
1233,171,2
1233,355,6
1233,324,4
1233,663,6
1233,305,6
1233,873,8
1233,110,2
1233,524,2
1233,839,1
1233,649,4
1233,494,8
1233,423,6
1233,798,1
1233,406,6
1234,324,1
1234,731,7
1234,355,6
1234,873,6
1234,305,1
1234,378,2
1234,171,7
1234,663,6
1234,494,3
1234,839,1
1234,423,9
1234,524,4
1234,649,1
1234,798,6
1234,447,2
1234,110,3
1235,873,4
1235,324,1
1235,305,7
1235,355,6
1235,378,1
1235,731,8
1235,579,7
1235,663,6
1235,839,6
1235,494,4
1235,524,1
1235,406,5
1235,798,9
1235,423,1
1235,447,2
1235,649,3
1236,378,7
1236,171,6
1236,355,4
1236,663,3
1236,579,8
1236,324,1
1236,305,1
1236,731,9
1236,798,9
1236,524,3
1236,423,5
1236,494,9
1236,406,7
1236,447,1
1236,110,1
1236,839,7
1237,579,1
1237,873,3
1237,663,2
1237,731,8
1237,305,1
1237,171,1
1237,355,9
1237,324,1
1237,406,7
1237,423,3
1237,447,4
1237,524,1
1237,494,8
1237,110,3
1237,649,3
1237,798,3
1238,305,8
1238,378,7
1238,731,9
1238,324,1
1238,355,9
1238,873,8
1238,663,1
1238,171,7
1238,494,3
1238,447,9
1238,110,9
1238,423,9
1238,524,7
1238,649,3
1238,839,5
1238,406,4
1239,355,8
1239,579,3
1239,324,7
1239,171,6
1239,663,5
1239,378,5
1239,731,3
1239,873,3
1239,524,6
1239,110,2
1239,649,2
1239,447,3
1239,423,8
1239,839,3
1239,798,7
1239,494,9
1240,663,6
1240,305,8
1240,171,1
1240,873,9
1240,731,6
1240,579,3
1240,324,4
1240,378,8
1240,423,5
1240,649,3
1240,839,8
1240,110,4
1240,447,1
1240,798,7
1240,406,9
1240,524,8
1241,731,5
1241,355,4
1241,873,8
1241,378,8
1241,324,4
1241,305,1
1241,171,6
1241,579,8
1241,447,8
1241,839,2
1241,798,4
1241,649,5
1241,110,6
1241,406,3
1241,494,9
1241,423,2
1242,324,6
1242,663,7
1242,378,6
1242,579,8
1242,171,7
1242,355,1
1242,873,8
1242,305,1
1242,110,1
1242,798,6
1242,406,7
1242,839,7
1242,649,7
1242,494,4
1242,524,9
1242,447,6
1243,171,2
1243,731,6
1243,579,4
1243,305,2
1243,873,3
1243,663,1
1243,378,9
1243,355,7
1243,649,3
1243,406,7
1243,494,6
1243,798,1
1243,839,5
1243,524,1
1243,423,9
1243,110,9
1244,305,5
1244,171,2
1244,873,9
1244,579,2
1244,663,4
1244,731,7
1244,324,8
1244,355,3
1244,406,2
1244,649,2
1244,798,4
1244,447,4
1244,524,3
1244,494,1
1244,423,7
1244,839,8
1245,663,7
1245,378,3
1245,579,2
1245,355,3
1245,324,2
1245,171,5
1245,873,8
1245,731,5
1245,524,4
1245,798,8
1245,494,9
1245,649,4
1245,447,8
1245,423,4
1245,110,3
1245,406,3
1246,324,2
1246,305,3
1246,355,4
1246,731,3
1246,873,5
1246,378,2
1246,579,3
1246,171,9
1246,447,9
1246,494,3
1246,423,5
1246,798,3
1246,649,9
1246,110,1
1246,839,5
1246,524,2
1247,873,8
1247,663,5
1247,731,2
1247,171,1
1247,579,9
1247,305,8
1247,355,5
1247,378,7
1247,649,7
1247,423,5
1247,110,8
1247,494,6
1247,798,8
1247,839,5
1247,406,8
1247,447,5
1248,579,9
1248,324,5
1248,171,3
1248,378,1
1248,355,7
1248,663,6
1248,731,5
1248,305,5
1248,798,9
1248,110,9
1248,839,1
1248,423,1
1248,494,2
1248,406,4
1248,524,4
1248,649,9
1249,355,8
1249,873,7
1249,378,3
1249,305,6
1249,731,6
1249,324,6
1249,171,6
1249,663,1
1249,494,1
1249,839,1
1249,406,9
1249,110,8
1249,423,4
1249,524,6
1249,447,7
1249,798,7
1250,731,4
1250,579,5
1250,305,2
1250,663,6
1250,171,2
1250,873,2
1250,378,5
1250,324,1
1250,423,4
1250,406,1
1250,524,6
1250,839,1
1250,110,2
1250,447,7
1250,649,3
1250,494,1
1251,579,1
1251,982,6
1251,684,2
1251,274,3
1251,248,5
1251,873,6
1251,731,5
1251,814,8
1251,231,7
1251,135,8
1251,524,2
1251,423,3
1251,623,1
1251,110,3
1251,617,4
1251,171,9
1252,814,6
1252,731,5
1252,579,9
1252,684,1
1252,873,2
1252,406,2
1252,248,1
1252,982,5
1252,623,9
1252,617,6
1252,423,9
1252,110,9
1252,524,8
1252,462,6
1252,171,5
1252,231,5
1253,982,1
1253,248,2
1253,814,6
1253,579,1
1253,406,3
1253,274,8
1253,873,1
1253,731,6
1253,524,8
1253,171,1
1253,110,6
1253,462,8
1253,423,7
1253,135,8
1253,231,4
1253,623,6
1254,731,3
1254,873,7
1254,982,4
1254,814,1
1254,274,6
1254,684,5
1254,406,7
1254,248,1
1254,423,9
1254,231,3
1254,462,3
1254,135,5
1254,110,8
1254,617,9
1254,623,3
1254,524,7
1255,248,2
1255,406,5
1255,731,6
1255,982,8
1255,684,4
1255,579,9
1255,274,8
1255,873,8
1255,110,5
1255,623,7
1255,135,9
1255,617,6
1255,462,7
1255,171,2
1255,524,5
1255,423,9
1256,873,1
1256,274,2
1256,248,2
1256,731,6
1256,579,2
1256,814,6
1256,684,1
1256,406,5
1256,462,2
1256,524,9
1256,617,2
1256,171,5
1256,135,5
1256,231,4
1256,423,9
1256,110,9
1257,406,9
1257,684,4
1257,873,8
1257,248,5
1257,814,1
1257,982,1
1257,579,5
1257,274,2
1257,135,7
1257,423,9
1257,171,9
1257,231,6
1257,617,4
1257,623,1
1257,110,1
1257,462,4
1258,274,3
1258,579,2
1258,406,8
1258,873,6
1258,982,1
1258,731,2
1258,814,5
1258,684,2
1258,617,9
1258,110,7
1258,231,8
1258,623,5
1258,171,1
1258,524,9
1258,462,1
1258,135,8
1259,684,2
1259,814,4
1259,274,8
1259,406,8
1259,731,8
1259,248,8
1259,982,1
1259,579,2
1259,171,6
1259,462,5
1259,623,8
1259,524,4
1259,231,5
1259,423,6
1259,135,9
1259,617,6
1260,274,2
1260,982,5
1260,873,1
1260,731,8
1260,406,9
1260,684,8
1260,248,1
1260,579,2
1260,171,5
1260,524,8
1260,423,8
1260,462,8
1260,623,8
1260,617,2
1260,110,3
1260,135,3
1261,579,1
1261,248,4
1261,274,5
1261,873,2
1261,684,5
1261,814,9
1261,406,3
1261,982,9
1261,623,9
1261,110,3
1261,462,5
1261,617,2
1261,423,9
1261,231,2
1261,135,8
1261,171,8
1262,982,3
1262,406,7
1262,579,6
1262,274,6
1262,814,9
1262,731,9
1262,684,8
1262,248,5
1262,423,8
1262,135,6
1262,617,4
1262,231,4
1262,462,4
1262,524,5
1262,171,3
1262,623,3
1263,248,8
1263,684,2
1263,982,2
1263,579,3
1263,731,8
1263,873,6
1263,814,4
1263,406,6
1263,462,2
1263,171,3
1263,231,8
1263,524,2
1263,617,1
1263,110,6
1263,623,5
1263,423,8
1264,406,3
1264,814,4
1264,248,6
1264,982,6
1264,873,3
1264,274,7
1264,731,3
1264,684,2
1264,617,7
1264,623,5
1264,524,5
1264,110,3
1264,231,1
1264,135,3
1264,423,3
1264,462,5
1265,684,2
1265,731,7
1265,406,6
1265,248,6
1265,274,6
1265,579,2
1265,873,1
1265,814,5
1265,231,8
1265,423,8
1265,110,6
1265,135,1
1265,524,6
1265,171,6
1265,462,7
1265,617,5
1266,814,8
1266,873,2
1266,684,9
1266,406,6
1266,579,4
1266,982,2
1266,274,3
1266,731,1
1266,524,8
1266,462,2
1266,135,4
1266,171,8
1266,110,7
1266,623,2
1266,617,1
1266,231,7
1267,731,3
1267,274,8
1267,814,2
1267,684,2
1267,982,1
1267,248,9
1267,579,1
1267,873,5
1267,110,7
1267,617,6
1267,171,8
1267,623,2
1267,135,9
1267,423,6
1267,231,4
1267,524,9
1268,873,9
1268,579,7
1268,731,3
1268,814,8
1268,248,6
1268,406,1
1268,982,9
1268,274,8
1268,135,2
1268,231,4
1268,623,5
1268,423,8
1268,171,8
1268,462,4
1268,524,4
1268,110,1
1269,731,3
1269,982,1
1269,684,1
1269,248,2
1269,814,3
1269,873,7
1269,406,9
1269,274,2
1269,135,9
1269,423,3
1269,462,3
1269,231,6
1269,623,4
1269,110,3
1269,617,9
1269,524,9
1270,274,7
1270,406,3
1270,731,2
1270,684,8
1270,873,7
1270,579,8
1270,814,2
1270,982,5
1270,623,3
1270,617,2
1270,231,6
1270,110,3
1270,462,6
1270,171,4
1270,524,9
1270,135,2
1271,982,4
1271,814,8
1271,274,6
1271,731,1
1271,579,1
1271,248,2
1271,873,2
1271,406,4
1271,462,6
1271,524,1
1271,110,7
1271,171,1
1271,231,8
1271,423,7
1271,135,2
1271,623,7
1272,406,8
1272,873,5
1272,982,3
1272,274,6
1272,248,2
1272,684,1
1272,579,6
1272,814,2
1272,231,6
1272,135,3
1272,171,5
1272,423,6
1272,110,3
1272,617,4
1272,623,4
1272,462,1
1273,814,4
1273,579,9
1273,406,9
1273,982,4
1273,684,9
1273,731,9
1273,248,5
1273,873,4
1273,110,1
1273,623,7
1273,423,7
1273,617,7
1273,171,8
1273,524,2
1273,462,5
1273,231,2
1301,724,4
1301,927,6
1301,121,7
1301,524,2
1301,623,9
1301,231,3
1301,781,9
1301,754,9
1301,494,8
1301,305,7
1301,462,7
1301,406,3
1301,135,6
1301,110,5
1301,299,4
1301,982,5
1302,927,2
1302,121,1
1302,524,6
1302,754,4
1302,231,5
1302,324,3
1302,724,5
1302,623,9
1302,135,5
1302,462,7
1302,110,5
1302,494,3
1302,299,1
1302,406,6
1302,274,7
1302,305,9
1303,121,5
1303,524,4
1303,754,3
1303,623,4
1303,324,4
1303,781,6
1303,927,9
1303,231,6
1303,299,8
1303,110,3
1303,406,4
1303,135,9
1303,274,2
1303,494,9
1303,982,7
1303,462,4
1304,524,8
1304,754,9
1304,623,4
1304,231,2
1304,781,3
1304,724,8
1304,121,8
1304,324,9
1304,274,3
1304,406,3
1304,494,7
1304,299,9
1304,982,5
1304,135,8
1304,305,1
1304,110,9
1305,754,1
1305,623,3
1305,231,9
1305,324,8
1305,724,3
1305,927,3
1305,524,3
1305,781,4
1305,982,9
1305,494,2
1305,135,7
1305,274,9
1305,305,9
1305,299,2
1305,462,5
1305,406,7
1306,623,4
1306,231,5
1306,324,5
1306,781,2
1306,927,3
1306,121,4
1306,754,7
1306,724,8
1306,305,6
1306,135,7
1306,299,1
1306,982,7
1306,462,4
1306,274,9
1306,110,4
1306,494,9
1307,231,7
1307,324,2
1307,781,3
1307,724,3
1307,121,5
1307,524,8
1307,623,6
1307,927,6
1307,462,4
1307,299,8
1307,274,2
1307,305,4
1307,110,6
1307,982,8
1307,406,1
1307,135,6
1308,324,3
1308,781,6
1308,724,7
1308,927,9
1308,524,9
1308,754,7
1308,231,8
1308,121,5
1308,110,9
1308,274,7
1308,982,5
1308,462,8
1308,406,8
1308,305,7
1308,494,9
1308,299,6
1309,781,1
1309,724,7
1309,927,1
1309,121,7
1309,754,5
1309,623,2
1309,324,8
1309,524,4
1309,406,5
1309,982,6
1309,305,5
1309,110,6
1309,494,8
1309,462,4
1309,135,9
1309,274,8
1310,724,9
1310,121,6
1310,754,3
1310,231,4
1310,927,3
1310,524,1
1310,324,2
1310,781,5
1310,274,8
1310,982,2
1310,462,8
1310,135,2
1310,305,8
1310,406,4
1310,110,7
1310,299,5
1311,121,1
1311,754,6
1311,231,5
1311,781,7
1311,524,4
1311,623,8
1311,724,9
1311,927,9
1311,305,2
1311,462,4
1311,406,4
1311,274,1
1311,110,2
1311,135,5
1311,494,8
1311,982,7
1312,754,8
1312,231,1
1312,781,8
1312,927,3
1312,623,2
1312,324,8
1312,121,2
1312,524,9
1312,110,1
1312,406,3
1312,135,1
1312,305,6
1312,494,9
1312,274,6
1312,299,3
1312,462,5
1313,231,9
1313,781,9
1313,927,2
1313,524,8
1313,324,3
1313,724,3
1313,754,3
1313,623,3
1313,494,7
1313,135,3
1313,274,8
1313,110,2
1313,299,2
1313,305,9
1313,982,7
1313,406,1
1314,781,1
1314,927,6
1314,524,7
1314,623,5
1314,724,4
1314,121,1
1314,231,7
1314,324,4
1314,299,8
1314,274,9
1314,305,9
1314,494,7
1314,982,4
1314,110,2
1314,462,5
1314,135,2
1315,927,5
1315,524,6
1315,623,5
1315,324,3
1315,121,9
1315,754,1
1315,781,2
1315,724,4
1315,982,2
1315,305,4
1315,110,2
1315,299,2
1315,462,3
1315,494,4
1315,406,3
1315,274,8
1316,524,9
1316,623,1
1316,324,6
1316,724,6
1316,754,7
1316,231,5
1316,927,7
1316,121,2
1316,462,1
1316,110,3
1316,494,4
1316,982,9
1316,406,4
1316,299,4
1316,135,4
1316,305,9
1317,623,6
1317,324,6
1317,724,2
1317,121,7
1317,231,7
1317,781,2
1317,524,3
1317,754,6
1317,406,8
1317,494,7
1317,299,7
1317,462,6
1317,135,4
1317,982,2
1317,274,5
1317,110,1
1318,324,3
1318,724,7
1318,121,6
1318,754,6
1318,781,3
1318,927,2
1318,623,7
1318,231,8
1318,135,7
1318,299,6
1318,982,5
1318,406,8
1318,274,7
1318,462,9
1318,305,8
1318,494,4
1319,724,1
1319,754,5
1319,781,2
1319,524,1
1319,121,3
1319,231,3
1319,623,5
1319,324,9
1319,494,8
1319,299,7
1319,462,4
1319,305,8
1319,982,3
1319,135,3
1319,406,8
1319,110,1
1320,754,7
1320,781,1
1320,524,4
1320,324,5
1320,231,5
1320,927,6
1320,724,7
1320,121,5
1320,982,1
1320,462,3
1320,135,5
1320,494,9
1320,406,7
1320,305,7
1320,274,6
1320,299,9
1321,781,3
1321,524,7
1321,324,9
1321,121,8
1321,927,8
1321,623,7
1321,754,6
1321,231,8
1321,406,7
1321,135,7
1321,305,1
1321,982,3
1321,274,2
1321,494,6
1321,110,8
1321,462,2
1322,524,1
1322,324,1
1322,121,1
1322,231,4
1322,623,3
1322,724,9
1322,781,2
1322,927,5
1322,274,7
1322,305,3
1322,494,3
1322,406,7
1322,110,5
1322,982,3
1322,299,1
1322,135,5
1323,324,9
1323,121,7
1323,231,4
1323,927,4
1323,724,6
1323,754,5
1323,524,9
1323,623,7
1323,110,5
1323,494,5
1323,982,9
1323,274,1
1323,299,6
1323,406,3
1323,462,4
1323,305,5
1324,121,4
1324,231,8
1324,927,2
1324,623,3
1324,754,1
1324,781,2
1324,324,4
1324,724,5
1324,299,9
1324,982,9
1324,406,6
1324,110,3
1324,462,1
1324,274,7
1324,135,6
1324,494,9
1325,231,4
1325,927,5
1325,623,4
1325,724,8
1325,781,1
1325,524,7
1325,121,9
1325,754,5
1325,462,8
1325,406,2
1325,274,6
1325,299,5
1325,135,4
1325,110,2
1325,305,7
1325,982,8
1326,731,2
1326,378,7
1326,649,9
1326,579,9
1326,355,2
1326,839,1
1326,873,3
1326,447,7
1326,171,3
1326,827,5
1326,948,3
1326,663,9
1326,423,8
1326,248,1
1326,684,4
1326,798,3
1327,649,5
1327,617,3
1327,579,9
1327,873,4
1327,447,7
1327,731,9
1327,355,8
1327,378,1
1327,248,5
1327,814,2
1327,663,8
1327,684,7
1327,171,3
1327,827,5
1327,423,3
1327,948,3
1328,579,1
1328,839,3
1328,873,9
1328,355,3
1328,378,9
1328,649,7
1328,447,3
1328,617,7
1328,827,1
1328,798,1
1328,684,9
1328,423,1
1328,248,1
1328,814,8
1328,171,2
1328,663,4
1329,873,6
1329,731,9
1329,355,2
1329,447,6
1329,617,9
1329,579,3
1329,378,6
1329,839,9
1329,814,8
1329,948,8
1329,423,9
1329,171,7
1329,827,4
1329,798,6
1329,248,6
1329,684,4
1330,355,3
1330,649,3
1330,447,2
1330,378,4
1330,839,1
1330,873,7
1330,617,3
1330,731,5
1330,798,6
1330,663,8
1330,171,3
1330,248,5
1330,814,9
1330,948,4
1330,827,9
1330,423,7
1331,447,8
1331,579,5
1331,378,9
1331,617,9
1331,731,4
1331,355,7
1331,839,7
1331,649,5
1331,948,2
1331,684,8
1331,248,4
1331,827,7
1331,798,3
1331,663,4
1331,814,2
1331,171,3
1332,378,1
1332,873,6
1332,617,9
1332,839,3
1332,649,6
1332,447,2
1332,731,7
1332,579,1
1332,663,8
1332,423,7
1332,827,2
1332,814,4
1332,948,6
1332,684,4
1332,798,6
1332,248,6
1333,617,5
1333,355,6
1333,839,9
1333,731,8
1333,579,6
1333,378,5
1333,649,6
1333,873,5
1333,684,9
1333,171,3
1333,814,6
1333,798,8
1333,663,2
1333,423,2
1333,948,8
1333,827,6
1334,839,7
1334,447,9
1334,731,5
1334,649,7
1334,873,2
1334,617,6
1334,579,6
1334,355,7
1334,423,6
1334,248,3
1334,798,7
1334,948,5
1334,684,1
1334,171,5
1334,663,1
1334,814,3
1335,617,8
1335,649,8
1335,731,1
1335,579,6
1335,378,2
1335,447,4
1335,355,6
1335,839,7
1335,248,5
1335,948,5
1335,827,8
1335,798,4
1335,423,8
1335,814,9
1335,663,7
1335,171,9
1336,731,9
1336,873,6
1336,579,1
1336,355,3
1336,839,7
1336,617,9
1336,378,7
1336,649,4
1336,814,2
1336,684,3
1336,798,7
1336,663,7
1336,248,4
1336,948,3
1336,423,2
1336,827,5
1337,579,8
1337,447,4
1337,355,9
1337,378,9
1337,649,8
1337,731,3
1337,839,6
1337,873,7
1337,948,8
1337,171,5
1337,663,7
1337,423,2
1337,814,2
1337,684,6
1337,248,6
1337,798,2
1338,355,8
1338,617,7
1338,378,2
1338,839,2
1338,873,2
1338,579,2
1338,649,4
1338,447,4
1338,684,6
1338,827,9
1338,423,5
1338,248,6
1338,948,3
1338,171,2
1338,814,6
1338,663,1
1339,378,3
1339,731,1
1339,839,8
1339,649,5
1339,447,3
1339,355,1
1339,873,3
1339,617,4
1339,171,8
1339,798,9
1339,248,9
1339,814,3
1339,684,2
1339,827,4
1339,948,7
1339,423,2
1340,839,7
1340,579,7
1340,649,3
1340,873,2
1340,617,5
1340,378,3
1340,447,6
1340,731,5
1340,827,9
1340,663,2
1340,814,3
1340,948,9
1340,171,2
1340,798,2
1340,684,9
1340,248,1
1341,649,9
1341,355,4
1341,873,9
1341,447,4
1341,731,7
1341,839,6
1341,617,9
1341,579,5
1341,798,6
1341,423,8
1341,948,3
1341,684,9
1341,827,7
1341,663,1
1341,171,1
1341,814,3
1342,873,9
1342,378,4
1342,447,2
1342,617,3
1342,579,3
1342,649,2
1342,731,7
1342,355,8
1342,663,8
1342,248,2
1342,684,3
1342,171,8
1342,798,6
1342,423,1
1342,827,3
1342,948,5
1343,447,3
1343,839,1
1343,617,5
1343,731,3
1343,355,1
1343,873,6
1343,579,7
1343,378,9
1343,423,1
1343,814,4
1343,171,6
1343,827,6
1343,663,2
1343,248,8
1343,798,7
1343,684,5
1344,873,4
1344,731,5
1344,617,2
1344,579,7
1344,649,9
1344,839,2
1344,378,9
1344,447,7
1344,814,6
1344,827,2
1344,948,3
1344,171,1
1344,423,3
1344,684,7
1344,798,8
1344,248,8
1345,617,1
1345,355,5
1345,579,1
1345,378,8
1345,447,2
1345,873,3
1345,649,3
1345,731,1
1345,684,9
1345,663,7
1345,171,4
1345,798,5
1345,814,1
1345,827,5
1345,423,4
1345,948,3
1346,579,3
1346,839,6
1346,378,1
1346,649,9
1346,731,8
1346,617,7
1346,447,9
1346,355,1
1346,827,8
1346,248,4
1346,798,5
1346,423,3
1346,684,7
1346,663,7
1346,814,4
1346,171,5
1347,378,3
1347,873,4
1347,649,6
1347,447,5
1347,355,1
1347,579,4
1347,731,6
1347,839,7
1347,663,8
1347,948,5
1347,423,2
1347,814,5
1347,827,8
1347,248,6
1347,684,3
1347,798,2
1348,649,2
1348,617,2
1348,447,6
1348,731,4
1348,839,2
1348,378,6
1348,355,7
1348,873,2
1348,248,8
1348,171,5
1348,814,5
1348,684,4
1348,663,4
1348,948,5
1348,827,5
1348,423,5
1349,447,5
1349,579,8
1349,731,3
1349,355,7
1349,873,5
1349,649,1
1349,839,7
1349,617,4
1349,948,2
1349,798,9
1349,684,5
1349,827,5
1349,248,7
1349,171,5
1349,663,7
1349,814,3
1350,731,6
1350,378,8
1350,355,1
1350,839,4
1350,617,8
1350,447,1
1350,873,8
1350,579,3
1350,171,7
1350,423,6
1350,827,9
1350,663,3
1350,948,4
1350,798,6
1350,248,8
1350,684,5
1351,494,4
1351,524,3
1351,305,6
1351,324,1
1351,724,8
1351,814,9
1351,684,1
1351,731,8
1351,447,6
1351,781,5
1351,121,5
1351,299,7
1351,248,8
1351,798,7
1351,663,1
1351,623,6
1352,462,8
1352,724,4
1352,731,9
1352,524,4
1352,305,4
1352,494,1
1352,814,1
1352,684,2
1352,248,3
1352,873,4
1352,299,1
1352,447,8
1352,663,6
1352,121,2
1352,781,8
1352,798,8
1353,324,1
1353,305,1
1353,684,4
1353,724,2
1353,731,5
1353,462,9
1353,494,6
1353,814,4
1353,663,6
1353,623,5
1353,447,7
1353,248,8
1353,781,7
1353,299,1
1353,873,7
1353,121,7
1354,524,5
1354,731,7
1354,814,5
1354,305,5
1354,684,8
1354,324,8
1354,462,9
1354,494,4
1354,781,5
1354,798,5
1354,248,1
1354,663,3
1354,873,4
1354,447,4
1354,623,5
1354,299,3
1355,724,4
1355,684,1
1355,494,6
1355,731,5
1355,814,4
1355,524,6
1355,324,3
1355,462,6
1355,873,7
1355,121,5
1355,663,6
1355,781,1
1355,623,4
1355,248,8
1355,798,1
1355,447,7
1356,305,8
1356,814,4
1356,462,2
1356,684,3
1356,494,2
1356,724,8
1356,524,3
1356,324,1
1356,623,7
1356,299,3
1356,781,7
1356,873,7
1356,798,6
1356,663,9
1356,121,4
1356,248,4
1357,731,7
1357,494,5
1357,324,2
1357,814,4
1357,462,7
1357,305,8
1357,724,2
1357,524,4
1357,798,7
1357,447,4
1357,873,3
1357,623,7
1357,121,4
1357,781,2
1357,299,2
1357,663,6
1358,684,5
1358,462,6
1358,524,2
1358,494,6
1358,324,2
1358,731,8
1358,305,5
1358,724,7
1358,121,8
1358,248,3
1358,623,4
1358,798,1
1358,299,7
1358,873,3
1358,447,1
1358,781,8
1359,814,8
1359,324,2
1359,724,2
1359,462,3
1359,524,2
1359,684,1
1359,731,5
1359,305,5
1359,299,4
1359,663,5
1359,798,1
1359,121,3
1359,447,7
1359,623,1
1359,248,7
1359,873,4
1360,684,2
1360,724,8
1360,814,2
1360,324,5
1360,731,8
1360,305,2
1360,524,4
1360,462,9
1360,623,5
1360,663,7
1360,248,3
1360,781,8
1360,121,5
1360,299,9
1360,447,8
1360,798,9
1361,494,1
1361,731,9
1361,462,1
1361,724,4
1361,814,3
1361,684,8
1361,305,4
1361,524,2
1361,121,4
1361,873,9
1361,781,3
1361,623,7
1361,447,9
1361,248,5
1361,663,9
1361,299,8
1362,324,2
1362,814,1
1362,524,4
1362,731,5
1362,462,5
1362,494,5
1362,684,2
1362,305,3
1362,447,1
1362,798,3
1362,623,8
1362,121,3
1362,663,8
1362,781,3
1362,873,5
1362,248,4
1363,724,9
1363,462,3
1363,305,7
1363,814,8
1363,524,9
1363,324,7
1363,494,4
1363,684,6
1363,663,8
1363,299,3
1363,121,3
1363,447,6
1363,873,1
1363,623,8
1363,798,9
1363,781,6
1364,731,1
1364,524,4
1364,684,1
1364,462,7
1364,305,5
1364,724,3
1364,324,8
1364,494,1
1364,873,3
1364,248,8
1364,447,3
1364,663,5
1364,798,3
1364,121,2
1364,299,1
1364,623,5
1365,814,5
1365,305,3
1365,494,3
1365,524,7
1365,684,5
1365,731,3
1365,724,2
1365,324,8
1365,798,9
1365,781,1
1365,663,5
1365,873,2
1365,299,5
1365,447,2
1365,248,6
1365,121,6
1366,462,2
1366,684,6
1366,324,5
1366,305,1
1366,494,9
1366,814,9
1366,731,3
1366,724,9
1366,299,8
1366,623,9
1366,873,9
1366,798,9
1366,248,1
1366,663,8
1366,781,4
1366,447,7
1367,524,2
1367,494,3
1367,724,8
1367,684,8
1367,324,8
1367,462,9
1367,814,8
1367,731,4
1367,248,5
1367,121,2
1367,798,7
1367,299,2
1367,781,8
1367,873,5
1367,623,8
1367,663,7
1368,305,4
1368,324,5
1368,731,9
1368,494,7
1368,724,1
1368,524,3
1368,462,9
1368,814,1
1368,781,6
1368,447,5
1368,299,9
1368,248,4
1368,623,5
1368,798,7
1368,121,2
1368,873,9
1369,524,9
1369,731,6
1369,305,3
1369,324,2
1369,462,5
1369,814,4
1369,724,1
1369,494,5
1369,798,7
1369,447,3
1369,121,9
1369,663,3
1369,248,8
1369,781,7
1369,623,7
1369,299,7
1370,684,6
1370,462,6
1370,494,4
1370,731,8
1370,305,2
1370,524,9
1370,814,4
1370,724,2
1370,248,1
1370,873,8
1370,663,7
1370,798,8
1370,623,8
1370,121,5
1370,447,3
1370,781,1
1371,324,9
1371,305,7
1371,724,7
1371,462,9
1371,494,2
1371,684,4
1371,524,9
1371,814,9
1371,623,7
1371,299,9
1371,798,8
1371,248,9
1371,447,9
1371,663,3
1371,873,1
1371,121,2
1372,731,8
1372,494,4
1372,814,9
1372,305,7
1372,724,2
1372,324,2
1372,684,9
1372,524,4
1372,447,6
1372,781,7
1372,248,2
1372,623,9
1372,873,7
1372,798,9
1372,299,8
1372,663,4
1373,462,6
1373,724,3
1373,524,6
1373,494,8
1373,814,2
1373,731,5
1373,324,8
1373,684,6
1373,873,8
1373,121,1
1373,623,7
1373,447,5
1373,299,1
1373,248,4
1373,781,3
1373,798,5
1374,305,6
1374,814,5
1374,684,3
1374,724,2
1374,524,8
1374,462,2
1374,731,8
1374,324,5
1374,299,7
1374,663,4
1374,447,2
1374,873,6
1374,781,7
1374,623,2
1374,121,7
1374,248,2
1375,494,2
1375,524,6
1375,324,1
1375,814,8
1375,684,7
1375,305,9
1375,462,9
1375,731,1
1375,781,5
1375,798,1
1375,873,7
1375,299,5
1375,121,8
1375,447,6
1375,663,4
1375,623,6
1401,355,8
1401,731,5
1401,305,9
1401,231,2
1401,121,8
1401,724,6
1401,135,9
1401,423,8
1401,462,1
1401,248,9
1401,663,2
1401,299,5
1401,754,3
1401,948,1
1401,171,2
1401,110,7
1402,447,6
1402,121,2
1402,231,5
1402,423,2
1402,355,3
1402,135,1
1402,305,4
1402,731,7
1402,948,1
1402,110,1
1402,462,3
1402,248,6
1402,663,7
1402,299,7
1402,754,3
1402,982,4
1403,724,9
1403,355,5
1403,423,6
1403,731,6
1403,447,6
1403,305,2
1403,231,1
1403,121,5
1403,299,4
1403,982,2
1403,948,1
1403,110,8
1403,462,2
1403,248,3
1403,663,5
1403,171,4
1404,135,7
1404,447,6
1404,731,8
1404,121,8
1404,724,3
1404,231,6
1404,423,3
1404,355,3
1404,248,7
1404,171,5
1404,299,6
1404,982,1
1404,948,7
1404,110,2
1404,462,3
1404,754,4
1405,305,5
1405,724,9
1405,121,2
1405,355,7
1405,135,5
1405,423,8
1405,731,1
1405,447,4
1405,110,3
1405,754,8
1405,248,7
1405,171,7
1405,299,1
1405,982,5
1405,948,7
1405,663,6
1406,231,5
1406,135,6
1406,355,2
1406,447,3
1406,305,4
1406,731,8
1406,121,4
1406,724,3
1406,982,7
1406,663,2
1406,110,5
1406,754,7
1406,248,6
1406,171,6
1406,299,1
1406,462,9
1407,423,2
1407,305,5
1407,447,5
1407,724,3
1407,231,6
1407,121,5
1407,355,8
1407,135,9
1407,171,9
1407,462,2
1407,982,5
1407,663,8
1407,110,8
1407,754,3
1407,248,3
1407,948,5
1408,731,9
1408,231,8
1408,724,4
1408,135,4
1408,423,3
1408,355,6
1408,447,7
1408,305,7
1408,754,5
1408,948,1
1408,171,5
1408,462,4
1408,982,5
1408,663,8
1408,110,9
1408,299,7
1409,121,5
1409,423,2
1409,135,2
1409,305,7
1409,731,9
1409,447,7
1409,724,2
1409,231,8
1409,663,8
1409,299,8
1409,754,8
1409,948,5
1409,171,5
1409,462,2
1409,982,9
1409,248,6
1410,135,4
1410,121,9
1410,724,4
1410,305,4
1410,447,2
1410,731,3
1410,355,9
1410,423,3
1410,110,8
1410,948,4
1410,299,6
1410,663,2
1410,462,3
1410,171,9
1410,754,3
1410,248,1
1411,231,2
1411,447,2
1411,305,4
1411,423,9
1411,135,4
1411,355,3
1411,724,3
1411,121,7
1411,171,4
1411,248,7
1411,110,5
1411,948,7
1411,299,9
1411,663,8
1411,462,9
1411,982,5
1412,731,3
1412,135,8
1412,423,6
1412,121,2
1412,231,8
1412,724,3
1412,305,6
1412,447,4
1412,663,3
1412,982,1
1412,171,6
1412,248,3
1412,110,5
1412,948,3
1412,299,2
1412,754,6
1413,355,4
1413,231,9
1413,121,7
1413,447,8
1413,731,4
1413,305,3
1413,423,2
1413,135,1
1413,948,4
1413,754,9
1413,663,2
1413,982,1
1413,171,5
1413,248,4
1413,110,2
1413,462,7
1414,724,2
1414,731,5
1414,447,8
1414,135,7
1414,355,7
1414,423,1
1414,121,4
1414,231,1
1414,248,3
1414,462,8
1414,948,8
1414,754,9
1414,663,1
1414,982,8
1414,171,4
1414,299,7
1415,305,1
1415,355,3
1415,135,1
1415,231,3
1415,724,1
1415,121,9
1415,447,8
1415,731,7
1415,982,1
1415,299,9
1415,248,6
1415,462,8
1415,948,1
1415,754,5
1415,663,4
1415,110,3
1416,423,2
1416,724,4
1416,231,6
1416,731,6
1416,305,5
1416,447,9
1416,135,9
1416,355,9
1416,754,7
1416,110,5
1416,982,5
1416,299,8
1416,248,5
1416,462,7
1416,948,4
1416,171,8
1417,121,7
1417,305,2
1417,731,8
1417,355,5
1417,423,1
1417,135,9
1417,231,6
1417,724,7
1417,462,6
1417,171,7
1417,754,3
1417,110,5
1417,982,8
1417,299,7
1417,248,2
1417,663,2
1418,447,3
1418,423,3
1418,355,6
1418,724,3
1418,121,8
1418,231,9
1418,731,7
1418,305,9
1418,299,5
1418,663,9
1418,462,6
1418,171,6
1418,754,6
1418,110,3
1418,982,3
1418,948,2
1419,355,5
1419,447,6
1419,731,7
1419,724,7
1419,231,6
1419,121,1
1419,135,3
1419,423,7
1419,248,1
1419,171,1
1419,663,2
1419,299,5
1419,110,5
1419,754,4
1419,462,1
1419,948,2
1420,305,3
1420,231,7
1420,724,8
1420,423,9
1420,355,7
1420,135,5
1420,731,2
1420,447,1
1420,754,1
1420,948,7
1420,248,2
1420,171,6
1420,663,3
1420,299,3
1420,110,2
1420,982,8
1421,121,5
1421,355,1
1421,423,2
1421,447,5
1421,305,9
1421,731,9
1421,724,2
1421,231,1
1421,299,4
1421,982,1
1421,754,6
1421,948,4
1421,248,8
1421,171,5
1421,663,4
1421,462,2
1422,135,1
1422,305,9
1422,447,5
1422,231,5
1422,121,6
1422,724,4
1422,423,1
1422,355,9
1422,171,2
1422,462,8
1422,299,7
1422,982,9
1422,754,4
1422,948,2
1422,248,6
1422,110,3
1423,731,9
1423,121,3
1423,231,4
1423,355,7
1423,135,7
1423,423,5
1423,447,8
1423,305,2
1423,948,1
1423,110,9
1423,171,7
1423,462,8
1423,299,4
1423,982,2
1423,754,3
1423,663,5
1424,724,3
1424,135,7
1424,355,9
1424,305,6
1424,731,5
1424,447,5
1424,231,9
1424,121,8
1424,982,7
1424,663,4
1424,948,9
1424,110,8
1424,171,7
1424,462,9
1424,299,2
1424,248,1
1425,423,5
1425,731,9
1425,305,4
1425,121,2
1425,724,9
1425,231,9
1425,355,7
1425,135,9
1425,462,1
1425,248,9
1425,982,5
1425,663,3
1425,948,1
1425,110,1
1425,171,8
1425,754,7
1426,798,5
1426,378,4
1426,649,8
1426,617,3
1426,324,4
1426,406,5
1426,494,6
1426,839,1
1426,623,8
1426,873,6
1426,579,3
1426,684,8
1426,827,4
1426,814,6
1426,781,3
1426,524,6
1427,274,3
1427,617,8
1427,798,3
1427,324,8
1427,839,5
1427,378,5
1427,406,4
1427,649,5
1427,873,4
1427,827,9
1427,781,3
1427,927,1
1427,684,9
1427,623,7
1427,524,4
1427,814,2
1428,494,1
1428,324,9
1428,274,1
1428,839,1
1428,649,5
1428,617,6
1428,378,6
1428,798,8
1428,827,8
1428,684,3
1428,524,4
1428,579,5
1428,927,6
1428,873,3
1428,814,2
1428,623,2
1429,406,8
1429,839,6
1429,494,9
1429,649,6
1429,798,5
1429,324,1
1429,617,9
1429,274,6
1429,684,3
1429,927,4
1429,814,7
1429,781,6
1429,579,7
1429,827,1
1429,623,2
1429,873,4
1430,378,1
1430,649,1
1430,406,4
1430,798,2
1430,274,5
1430,839,2
1430,324,5
1430,494,7
1430,927,8
1430,579,9
1430,623,7
1430,524,8
1430,781,4
1430,684,3
1430,873,5
1430,827,5
1431,617,3
1431,798,7
1431,378,8
1431,274,5
1431,494,1
1431,649,1
1431,839,7
1431,406,7
1431,579,1
1431,781,9
1431,873,3
1431,814,8
1431,524,6
1431,927,3
1431,827,1
1431,684,5
1432,324,9
1432,274,3
1432,617,5
1432,494,8
1432,406,2
1432,798,7
1432,649,7
1432,378,1
1432,781,6
1432,524,4
1432,827,1
1432,623,7
1432,814,8
1432,579,8
1432,684,4
1432,927,8
1433,839,2
1433,494,4
1433,324,6
1433,406,5
1433,378,2
1433,274,8
1433,798,4
1433,617,1
1433,524,8
1433,814,1
1433,684,1
1433,873,4
1433,623,9
1433,781,1
1433,927,4
1433,579,8
1434,649,4
1434,406,4
1434,839,8
1434,378,3
1434,617,2
1434,494,7
1434,274,7
1434,324,2
1434,814,6
1434,623,4
1434,927,3
1434,827,8
1434,873,7
1434,524,4
1434,579,7
1434,781,9
1435,494,5
1435,274,1
1435,798,5
1435,406,8
1435,617,7
1435,649,9
1435,324,7
1435,839,4
1435,579,1
1435,524,4
1435,781,2
1435,827,1
1435,623,3
1435,684,7
1435,814,6
1435,873,1
1436,378,6
1436,406,7
1436,494,4
1436,617,9
1436,839,1
1436,274,5
1436,649,3
1436,798,4
1436,524,3
1436,623,1
1436,814,3
1436,927,2
1436,827,9
1436,579,7
1436,873,6
1436,684,1
1437,324,7
1437,617,7
1437,378,3
1437,839,8
1437,798,9
1437,406,4
1437,274,4
1437,494,5
1437,623,5
1437,827,9
1437,873,9
1437,781,4
1437,927,8
1437,524,2
1437,684,8
1437,579,3
1438,649,5
1438,839,7
1438,324,3
1438,798,5
1438,494,4
1438,617,2
1438,406,5
1438,378,5
1438,827,7
1438,927,8
1438,684,3
1438,814,7
1438,781,2
1438,623,3
1438,579,9
1438,524,5
1439,274,3
1439,798,2
1439,649,5
1439,494,8
1439,378,6
1439,839,6
1439,617,6
1439,324,8
1439,927,8
1439,781,7
1439,579,5
1439,873,9
1439,814,6
1439,827,4
1439,524,3
1439,623,5
1440,406,8
1440,494,9
1440,274,9
1440,378,6
1440,324,4
1440,798,6
1440,839,4
1440,649,9
1440,781,8
1440,814,5
1440,524,9
1440,684,5
1440,873,2
1440,927,8
1440,623,4
1440,827,9
1441,617,1
1441,378,6
1441,406,8
1441,324,5
1441,649,6
1441,494,5
1441,798,6
1441,274,1
1441,814,8
1441,873,3
1441,623,4
1441,579,8
1441,684,5
1441,781,1
1441,827,4
1441,927,2
1442,839,8
1442,324,7
1442,617,4
1442,649,3
1442,274,8
1442,378,1
1442,494,6
1442,406,5
1442,873,5
1442,684,8
1442,827,2
1442,524,9
1442,579,2
1442,814,6
1442,927,7
1442,781,2
1443,798,5
1443,649,9
1443,839,1
1443,274,8
1443,406,1
1443,324,5
1443,378,7
1443,617,6
1443,684,9
1443,579,4
1443,927,6
1443,623,1
1443,524,2
1443,873,2
1443,781,7
1443,814,5
1444,324,4
1444,378,4
1444,494,2
1444,649,7
1444,406,7
1444,798,6
1444,617,7
1444,839,5
1444,781,8
1444,873,8
1444,814,1
1444,623,1
1444,579,2
1444,827,8
1444,684,7
1444,524,9
1445,274,4
1445,649,8
1445,324,4
1445,406,5
1445,839,3
1445,378,5
1445,798,9
1445,494,4
1445,873,4
1445,579,4
1445,684,9
1445,927,6
1445,623,9
1445,781,8
1445,524,2
1445,827,8
1451,406,6
1451,579,7
1451,171,9
1451,135,8
1451,754,4
1451,231,3
1451,423,2
1451,927,4
1451,110,4
1451,617,3
1451,839,7
1451,378,1
1451,355,1
1451,982,7
1451,948,5
1451,827,3
1452,754,5
1452,423,8
1452,135,6
1452,579,1
1452,649,4
1452,406,9
1452,231,9
1452,171,6
1452,617,7
1452,982,1
1452,355,8
1452,110,6
1452,948,9
1452,839,2
1452,274,6
1452,378,9
1453,649,8
1453,231,2
1453,579,5
1453,423,3
1453,927,4
1453,754,8
1453,406,1
1453,135,5
1453,982,6
1453,839,6
1453,948,3
1453,617,7
1453,274,1
1453,355,3
1453,827,2
1453,110,8
1454,927,9
1454,406,9
1454,423,4
1454,231,9
1454,171,3
1454,649,1
1454,754,7
1454,579,6
1454,839,1
1454,355,4
1454,274,9
1454,982,7
1454,827,9
1454,948,6
1454,378,8
1454,617,3
1455,171,3
1455,754,7
1455,231,8
1455,406,4
1455,135,7
1455,927,5
1455,649,2
1455,423,3
1455,355,1
1455,948,5
1455,827,3
1455,839,7
1455,378,5
1455,274,7
1455,110,5
1455,982,8
1456,135,6
1456,649,4
1456,406,5
1456,754,6
1456,579,5
1456,171,1
1456,927,3
1456,231,4
1456,948,6
1456,274,6
1456,378,2
1456,355,2
1456,110,8
1456,827,9
1456,617,8
1456,839,4
1457,579,5
1457,927,4
1457,754,3
1457,649,6
1457,423,8
1457,135,6
1457,171,5
1457,406,7
1457,274,8
1457,827,1
1457,110,2
1457,948,1
1457,617,7
1457,378,2
1457,982,9
1457,355,1
1458,423,2
1458,171,5
1458,649,6
1458,927,4
1458,231,8
1458,579,6
1458,135,7
1458,754,1
1458,827,4
1458,378,5
1458,617,1
1458,274,4
1458,982,9
1458,110,9
1458,839,9
1458,948,4
1459,231,2
1459,135,7
1459,927,8
1459,171,5
1459,406,1
1459,423,8
1459,579,1
1459,649,8
1459,378,4
1459,110,1
1459,982,7
1459,827,7
1459,839,5
1459,617,7
1459,355,7
1459,274,3
1460,927,1
1460,579,6
1460,649,1
1460,171,9
1460,135,2
1460,754,9
1460,231,9
1460,406,5
1460,378,7
1460,617,9
1460,948,1
1460,274,7
1460,827,5
1460,839,7
1460,110,3
1460,355,1
1461,135,4
1461,231,9
1461,171,4
1461,579,7
1461,423,2
1461,927,4
1461,754,9
1461,649,9
1461,617,8
1461,839,6
1461,827,5
1461,378,7
1461,110,6
1461,948,2
1461,982,6
1461,274,8
1462,423,4
1462,754,6
1462,579,2
1462,231,6
1462,406,6
1462,135,1
1462,927,3
1462,171,6
1462,839,7
1462,948,3
1462,110,9
1462,617,3
1462,982,1
1462,827,2
1462,355,9
1462,378,3
1463,406,3
1463,927,8
1463,231,4
1463,754,6
1463,649,7
1463,423,2
1463,135,8
1463,579,1
1463,948,1
1463,827,5
1463,982,9
1463,839,6
1463,355,9
1463,110,3
1463,274,6
1463,617,1
1464,649,6
1464,135,3
1464,754,2
1464,927,6
1464,171,6
1464,406,3
1464,423,3
1464,231,2
1464,827,5
1464,110,4
1464,355,2
1464,948,9
1464,274,1
1464,982,1
1464,378,2
1464,839,2
1465,171,5
1465,423,8
1465,927,5
1465,135,3
1465,579,7
1465,649,8
1465,406,4
1465,754,7
1465,110,1
1465,982,2
1465,274,8
1465,827,3
1465,378,5
1465,355,4
1465,617,2
1465,948,8
1466,579,4
1466,406,3
1466,135,4
1466,423,9
1466,231,7
1466,171,2
1466,649,4
1466,927,3
1466,982,1
1466,355,8
1466,378,2
1466,110,7
1466,617,6
1466,274,6
1466,839,4
1466,827,8
1467,231,2
1467,649,3
1467,423,4
1467,406,3
1467,754,8
1467,579,7
1467,171,6
1467,135,9
1467,355,5
1467,274,1
1467,617,8
1467,982,3
1467,839,1
1467,378,3
1467,948,9
1467,110,3
1468,754,1
1468,171,8
1468,406,7
1468,649,5
1468,927,7
1468,231,7
1468,579,7
1468,423,1
1468,274,8
1468,378,7
1468,839,3
1468,355,2
1468,948,1
1468,617,6
1468,827,5
1468,982,4
1469,406,1
1469,579,5
1469,423,9
1469,649,2
1469,171,7
1469,135,5
1469,754,5
1469,927,6
1469,274,5
1469,617,9
1469,110,8
1469,982,8
1469,355,9
1469,948,6
1469,378,4
1469,827,9
1470,171,2
1470,754,1
1470,649,1
1470,579,5
1470,231,2
1470,406,4
1470,135,4
1470,423,3
1470,617,5
1470,948,6
1470,355,1
1470,274,7
1470,378,2
1470,110,9
1470,839,5
1470,982,3
1471,231,6
1471,135,7
1471,579,1
1471,754,3
1471,927,5
1471,171,2
1471,406,6
1471,649,2
1471,948,5
1471,110,2
1471,378,3
1471,617,2
1471,839,8
1471,355,9
1471,827,5
1471,274,7
1472,927,8
1472,406,8
1472,754,5
1472,135,4
1472,423,2
1472,231,5
1472,171,1
1472,579,9
1472,110,1
1472,355,4
1472,839,4
1472,948,3
1472,827,2
1472,378,2
1472,982,4
1472,617,5
1473,423,9
1473,171,3
1473,135,2
1473,406,4
1473,649,2
1473,927,1
1473,231,8
1473,754,2
1473,355,5
1473,378,5
1473,827,3
1473,110,1
1473,982,5
1473,839,3
1473,274,1
1473,948,5
1474,649,8
1474,231,1
1474,406,9
1474,171,6
1474,579,3
1474,423,5
1474,927,9
1474,135,9
1474,378,1
1474,839,3
1474,982,9
1474,355,2
1474,274,4
1474,827,4
1474,617,8
1474,110,5
1475,579,6
1475,927,9
1475,171,6
1475,231,7
1475,754,7
1475,649,7
1475,423,4
1475,406,2
1475,839,8
1475,827,6
1475,274,7
1475,378,3
1475,617,2
1475,982,6
1475,948,2
1475,355,4